ProductID,Category,SubCategory
P00000,Furniture,B
P00001,Office Supplies,B
P00002,Tech,B
P00003,Furniture,B
P00004,Tech,A
P00005,Furniture,B
P00006,Office Supplies,A
P00007,Office Supplies,A
P00008,Tech,C
P00009,Tech,A
P00010,Office Supplies,C
P00011,Tech,A
P00012,Furniture,B
P00013,Office Supplies,C
P00014,Furniture,B
P00015,Furniture,C
P00016,Office Supplies,C
P00017,Furniture,C
P00018,Tech,A
P00019,Furniture,A
P00020,Tech,B
P00021,Office Supplies,A
P00022,Tech,B
P00023,Office Supplies,A
P00024,Office Supplies,B
P00025,Tech,C
P00026,Furniture,A
P00027,Furniture,B
P00028,Tech,B
P00029,Tech,B
P00030,Furniture,A
P00031,Tech,B
P00032,Furniture,B
P00033,Furniture,C
P00034,Office Supplies,C
P00035,Furniture,C
P00036,Furniture,C
P00037,Tech,B
P00038,Tech,C
P00039,Furniture,A
P00040,Office Supplies,A
P00041,Tech,A
P00042,Office Supplies,A
P00043,Office Supplies,B
P00044,Tech,A
P00045,Furniture,B
P00046,Tech,B
P00047,Office Supplies,A
P00048,Office Supplies,B
P00049,Furniture,A
P00050,Office Supplies,B
P00051,Office Supplies,C
P00052,Furniture,B
P00053,Furniture,A
P00054,Tech,C
P00055,Furniture,B
P00056,Tech,B
P00057,Furniture,C
P00058,Office Supplies,A
P00059,Tech,A
P00060,Office Supplies,A
P00061,Tech,B
P00062,Tech,B
P00063,Office Supplies,A
P00064,Furniture,C
P00065,Furniture,C
P00066,Furniture,B
P00067,Furniture,C
P00068,Office Supplies,B
P00069,Furniture,C
P00070,Furniture,B
P00071,Tech,C
P00072,Furniture,A
P00073,Furniture,A
P00074,Furniture,B
P00075,Tech,A
P00076,Furniture,B
P00077,Office Supplies,B
P00078,Tech,C
P00079,Office Supplies,C
P00080,Tech,B
P00081,Furniture,C
P00082,Tech,C
P00083,Office Supplies,C
P00084,Tech,C
P00085,Tech,C
P00086,Furniture,A
P00087,Office Supplies,A
P00088,Tech,B
P00089,Office Supplies,C
P00090,Office Supplies,A
P00091,Office Supplies,B
P00092,Tech,C
P00093,Office Supplies,A
P00094,Tech,C
P00095,Tech,B
P00096,Office Supplies,A
P00097,Furniture,A
P00098,Office Supplies,A
P00099,Tech,C
P00100,Tech,B
P00101,Office Supplies,A
P00102,Furniture,A
P00103,Tech,A
P00104,Furniture,B
P00105,Furniture,A
P00106,Office Supplies,A
P00107,Office Supplies,B
P00108,Tech,C
P00109,Furniture,B
P00110,Furniture,A
P00111,Office Supplies,B
P00112,Tech,A
P00113,Furniture,C
P00114,Office Supplies,C
P00115,Furniture,C
P00116,Tech,A
P00117,Tech,C
P00118,Furniture,A
P00119,Office Supplies,B
P00120,Furniture,B
P00121,Office Supplies,B
P00122,Office Supplies,A
P00123,Office Supplies,B
P00124,Office Supplies,C
P00125,Tech,A
P00126,Office Supplies,A
P00127,Furniture,B
P00128,Furniture,C
P00129,Furniture,B
P00130,Furniture,A
P00131,Tech,B
P00132,Tech,B
P00133,Office Supplies,C
P00134,Furniture,B
P00135,Furniture,C
P00136,Tech,A
P00137,Furniture,C
P00138,Tech,B
P00139,Furniture,B
P00140,Tech,C
P00141,Furniture,C
P00142,Office Supplies,A
P00143,Furniture,B
P00144,Furniture,B
P00145,Furniture,A
P00146,Furniture,A
P00147,Tech,C
P00148,Furniture,C
P00149,Tech,C
P00150,Furniture,C
P00151,Tech,A
P00152,Tech,A
P00153,Furniture,B
P00154,Office Supplies,A
P00155,Furniture,B
P00156,Furniture,C
P00157,Furniture,C
P00158,Office Supplies,C
P00159,Office Supplies,B
P00160,Office Supplies,A
P00161,Office Supplies,B
P00162,Furniture,C
P00163,Office Supplies,C
P00164,Tech,B
P00165,Furniture,A
P00166,Furniture,B
P00167,Tech,A
P00168,Office Supplies,C
P00169,Tech,B
P00170,Furniture,B
P00171,Furniture,B
P00172,Tech,A
P00173,Furniture,A
P00174,Furniture,C
P00175,Office Supplies,B
P00176,Furniture,A
P00177,Office Supplies,B
P00178,Tech,C
P00179,Office Supplies,B
P00180,Office Supplies,A
P00181,Furniture,B
P00182,Tech,C
P00183,Office Supplies,A
P00184,Tech,A
P00185,Office Supplies,C
P00186,Furniture,B
P00187,Tech,C
P00188,Tech,C
P00189,Office Supplies,A
P00190,Tech,A
P00191,Furniture,A
P00192,Office Supplies,C
P00193,Furniture,B
P00194,Office Supplies,B
P00195,Tech,A
P00196,Furniture,B
P00197,Office Supplies,A
P00198,Tech,C
P00199,Tech,C
P00200,Office Supplies,C
P00201,Office Supplies,A
P00202,Office Supplies,B
P00203,Furniture,C
P00204,Office Supplies,B
P00205,Office Supplies,A
P00206,Furniture,A
P00207,Tech,A
P00208,Tech,C
P00209,Tech,B
P00210,Office Supplies,B
P00211,Office Supplies,A
P00212,Office Supplies,C
P00213,Tech,B
P00214,Tech,A
P00215,Furniture,C
P00216,Furniture,B
P00217,Tech,B
P00218,Office Supplies,B
P00219,Office Supplies,A
P00220,Office Supplies,A
P00221,Office Supplies,A
P00222,Office Supplies,B
P00223,Office Supplies,B
P00224,Office Supplies,A
P00225,Office Supplies,C
P00226,Furniture,B
P00227,Furniture,C
P00228,Furniture,A
P00229,Tech,C
P00230,Tech,B
P00231,Office Supplies,B
P00232,Tech,B
P00233,Tech,A
P00234,Tech,C
P00235,Office Supplies,A
P00236,Furniture,C
P00237,Office Supplies,A
P00238,Office Supplies,A
P00239,Office Supplies,C
P00240,Furniture,A
P00241,Tech,A
P00242,Tech,B
P00243,Furniture,A
P00244,Tech,A
P00245,Tech,A
P00246,Tech,C
P00247,Furniture,A
P00248,Furniture,C
P00249,Tech,C
P00250,Office Supplies,B
P00251,Office Supplies,A
P00252,Tech,C
P00253,Tech,C
P00254,Furniture,B
P00255,Furniture,C
P00256,Tech,B
P00257,Furniture,A
P00258,Tech,A
P00259,Furniture,C
P00260,Tech,C
P00261,Office Supplies,A
P00262,Office Supplies,C
P00263,Office Supplies,C
P00264,Furniture,A
P00265,Furniture,A
P00266,Office Supplies,B
P00267,Office Supplies,A
P00268,Office Supplies,B
P00269,Office Supplies,B
P00270,Furniture,C
P00271,Office Supplies,C
P00272,Tech,C
P00273,Tech,C
P00274,Tech,C
P00275,Furniture,B
P00276,Office Supplies,B
P00277,Tech,A
P00278,Furniture,A
P00279,Furniture,B
P00280,Tech,B
P00281,Tech,A
P00282,Tech,A
P00283,Furniture,C
P00284,Tech,B
P00285,Tech,C
P00286,Furniture,B
P00287,Tech,B
P00288,Furniture,A
P00289,Office Supplies,A
P00290,Furniture,A
P00291,Tech,C
P00292,Office Supplies,A
P00293,Tech,B
P00294,Tech,A
P00295,Tech,A
P00296,Furniture,B
P00297,Tech,C
P00298,Office Supplies,C
P00299,Furniture,C
P00300,Tech,A
P00301,Furniture,C
P00302,Office Supplies,B
P00303,Furniture,C
P00304,Furniture,A
P00305,Office Supplies,B
P00306,Furniture,C
P00307,Office Supplies,C
P00308,Office Supplies,B
P00309,Furniture,B
P00310,Furniture,B
P00311,Furniture,C
P00312,Tech,C
P00313,Tech,C
P00314,Furniture,C
P00315,Tech,B
P00316,Furniture,B
P00317,Tech,C
P00318,Office Supplies,C
P00319,Furniture,B
P00320,Office Supplies,A
P00321,Furniture,B
P00322,Tech,A
P00323,Tech,C
P00324,Tech,A
P00325,Tech,C
P00326,Office Supplies,B
P00327,Tech,B
P00328,Furniture,B
P00329,Tech,A
P00330,Office Supplies,C
P00331,Tech,A
P00332,Office Supplies,B
P00333,Tech,A
P00334,Tech,C
P00335,Furniture,B
P00336,Furniture,C
P00337,Furniture,A
P00338,Furniture,B
P00339,Office Supplies,C
P00340,Furniture,A
P00341,Office Supplies,B
P00342,Office Supplies,A
P00343,Furniture,A
P00344,Tech,B
P00345,Furniture,C
P00346,Office Supplies,B
P00347,Tech,A
P00348,Office Supplies,C
P00349,Tech,B
P00350,Tech,A
P00351,Tech,B
P00352,Tech,A
P00353,Furniture,B
P00354,Tech,A
P00355,Office Supplies,B
P00356,Office Supplies,B
P00357,Office Supplies,C
P00358,Office Supplies,C
P00359,Office Supplies,C
P00360,Office Supplies,C
P00361,Tech,A
P00362,Office Supplies,C
P00363,Tech,C
P00364,Tech,A
P00365,Tech,C
P00366,Tech,B
P00367,Tech,A
P00368,Tech,B
P00369,Furniture,A
P00370,Office Supplies,C
P00371,Furniture,C
P00372,Furniture,B
P00373,Office Supplies,B
P00374,Furniture,A
P00375,Tech,A
P00376,Tech,C
P00377,Tech,C
P00378,Office Supplies,B
P00379,Office Supplies,A
P00380,Furniture,A
P00381,Furniture,C
P00382,Tech,C
P00383,Furniture,A
P00384,Furniture,A
P00385,Office Supplies,A
P00386,Office Supplies,A
P00387,Office Supplies,A
P00388,Tech,C
P00389,Tech,A
P00390,Tech,B
P00391,Office Supplies,C
P00392,Office Supplies,C
P00393,Furniture,B
P00394,Tech,A
P00395,Office Supplies,A
P00396,Furniture,B
P00397,Office Supplies,A
P00398,Furniture,A
P00399,Office Supplies,A
P00400,Tech,A
P00401,Tech,C
P00402,Office Supplies,B
P00403,Office Supplies,B
P00404,Office Supplies,C
P00405,Furniture,B
P00406,Tech,A
P00407,Tech,A
P00408,Furniture,C
P00409,Furniture,C
P00410,Office Supplies,A
P00411,Furniture,B
P00412,Tech,A
P00413,Tech,B
P00414,Tech,A
P00415,Tech,C
P00416,Tech,A
P00417,Furniture,C
P00418,Office Supplies,C
P00419,Office Supplies,A
P00420,Tech,C
P00421,Tech,B
P00422,Furniture,A
P00423,Office Supplies,B
P00424,Furniture,A
P00425,Tech,B
P00426,Furniture,C
P00427,Office Supplies,B
P00428,Furniture,C
P00429,Tech,A
P00430,Furniture,A
P00431,Office Supplies,C
P00432,Furniture,B
P00433,Furniture,A
P00434,Furniture,A
P00435,Tech,A
P00436,Furniture,A
P00437,Tech,B
P00438,Office Supplies,A
P00439,Office Supplies,A
P00440,Tech,A
P00441,Tech,A
P00442,Office Supplies,A
P00443,Furniture,A
P00444,Tech,C
P00445,Office Supplies,A
P00446,Office Supplies,B
P00447,Furniture,A
P00448,Office Supplies,B
P00449,Tech,A
P00450,Furniture,B
P00451,Office Supplies,C
P00452,Furniture,A
P00453,Office Supplies,C
P00454,Tech,C
P00455,Tech,B
P00456,Office Supplies,B
P00457,Tech,C
P00458,Tech,B
P00459,Furniture,A
P00460,Office Supplies,A
P00461,Furniture,A
P00462,Furniture,C
P00463,Furniture,A
P00464,Office Supplies,A
P00465,Office Supplies,C
P00466,Office Supplies,B
P00467,Tech,C
P00468,Tech,C
P00469,Office Supplies,C
P00470,Furniture,A
P00471,Tech,A
P00472,Tech,C
P00473,Furniture,B
P00474,Furniture,C
P00475,Furniture,B
P00476,Tech,B
P00477,Office Supplies,B
P00478,Tech,C
P00479,Office Supplies,C
P00480,Office Supplies,C
P00481,Tech,B
P00482,Tech,C
P00483,Tech,B
P00484,Tech,B
P00485,Tech,B
P00486,Furniture,B
P00487,Tech,A
P00488,Tech,A
P00489,Office Supplies,A
P00490,Furniture,B
P00491,Tech,B
P00492,Furniture,C
P00493,Furniture,A
P00494,Furniture,B
P00495,Furniture,A
P00496,Office Supplies,B
P00497,Office Supplies,C
P00498,Office Supplies,C
P00499,Tech,C
P00500,Furniture,A
P00501,Tech,B
P00502,Tech,B
P00503,Office Supplies,B
P00504,Furniture,A
P00505,Tech,A
P00506,Tech,C
P00507,Office Supplies,A
P00508,Furniture,B
P00509,Tech,C
P00510,Tech,A
P00511,Office Supplies,A
P00512,Furniture,C
P00513,Tech,A
P00514,Tech,B
P00515,Tech,A
P00516,Tech,C
P00517,Tech,C
P00518,Furniture,C
P00519,Office Supplies,B
P00520,Tech,A
P00521,Office Supplies,B
P00522,Tech,C
P00523,Office Supplies,C
P00524,Office Supplies,A
P00525,Furniture,A
P00526,Office Supplies,A
P00527,Furniture,A
P00528,Tech,C
P00529,Furniture,C
P00530,Tech,A
P00531,Office Supplies,A
P00532,Tech,C
P00533,Furniture,A
P00534,Tech,A
P00535,Office Supplies,C
P00536,Tech,B
P00537,Furniture,C
P00538,Tech,C
P00539,Tech,B
P00540,Tech,A
P00541,Tech,A
P00542,Office Supplies,B
P00543,Office Supplies,B
P00544,Office Supplies,A
P00545,Furniture,B
P00546,Furniture,A
P00547,Office Supplies,C
P00548,Tech,A
P00549,Tech,A
P00550,Tech,A
P00551,Furniture,A
P00552,Furniture,C
P00553,Furniture,C
P00554,Tech,B
P00555,Tech,B
P00556,Furniture,A
P00557,Furniture,B
P00558,Office Supplies,C
P00559,Furniture,A
P00560,Furniture,C
P00561,Furniture,A
P00562,Furniture,C
P00563,Furniture,A
P00564,Tech,B
P00565,Tech,C
P00566,Office Supplies,B
P00567,Office Supplies,B
P00568,Office Supplies,A
P00569,Furniture,C
P00570,Furniture,A
P00571,Furniture,C
P00572,Office Supplies,A
P00573,Furniture,A
P00574,Office Supplies,A
P00575,Tech,B
P00576,Office Supplies,A
P00577,Furniture,B
P00578,Office Supplies,C
P00579,Tech,A
P00580,Furniture,C
P00581,Furniture,C
P00582,Tech,A
P00583,Furniture,A
P00584,Tech,A
P00585,Tech,B
P00586,Office Supplies,B
P00587,Furniture,A
P00588,Furniture,C
P00589,Furniture,B
P00590,Tech,C
P00591,Furniture,A
P00592,Tech,C
P00593,Furniture,C
P00594,Tech,A
P00595,Office Supplies,A
P00596,Tech,C
P00597,Office Supplies,C
P00598,Office Supplies,B
P00599,Office Supplies,B
P00600,Office Supplies,B
P00601,Furniture,A
P00602,Furniture,C
P00603,Tech,A
P00604,Furniture,C
P00605,Tech,B
P00606,Office Supplies,A
P00607,Tech,C
P00608,Furniture,C
P00609,Furniture,B
P00610,Furniture,B
P00611,Office Supplies,C
P00612,Tech,A
P00613,Office Supplies,C
P00614,Tech,A
P00615,Furniture,C
P00616,Office Supplies,B
P00617,Office Supplies,A
P00618,Furniture,C
P00619,Furniture,B
P00620,Furniture,C
P00621,Tech,C
P00622,Tech,A
P00623,Office Supplies,C
P00624,Office Supplies,B
P00625,Furniture,A
P00626,Furniture,A
P00627,Office Supplies,A
P00628,Furniture,C
P00629,Tech,A
P00630,Office Supplies,A
P00631,Tech,B
P00632,Furniture,B
P00633,Furniture,C
P00634,Furniture,B
P00635,Furniture,B
P00636,Office Supplies,C
P00637,Office Supplies,A
P00638,Tech,B
P00639,Tech,B
P00640,Tech,C
P00641,Tech,C
P00642,Furniture,B
P00643,Tech,B
P00644,Furniture,A
P00645,Furniture,C
P00646,Tech,A
P00647,Tech,A
P00648,Furniture,A
P00649,Furniture,C
P00650,Furniture,B
P00651,Tech,A
P00652,Tech,B
P00653,Office Supplies,B
P00654,Office Supplies,B
P00655,Tech,A
P00656,Tech,A
P00657,Office Supplies,B
P00658,Office Supplies,A
P00659,Tech,C
P00660,Furniture,C
P00661,Tech,C
P00662,Furniture,A
P00663,Tech,C
P00664,Office Supplies,A
P00665,Tech,A
P00666,Tech,A
P00667,Office Supplies,B
P00668,Office Supplies,C
P00669,Furniture,A
P00670,Furniture,C
P00671,Tech,A
P00672,Office Supplies,A
P00673,Office Supplies,B
P00674,Furniture,C
P00675,Furniture,B
P00676,Tech,B
P00677,Tech,B
P00678,Tech,B
P00679,Tech,B
P00680,Furniture,C
P00681,Office Supplies,A
P00682,Tech,C
P00683,Tech,C
P00684,Furniture,A
P00685,Tech,A
P00686,Furniture,C
P00687,Furniture,A
P00688,Furniture,A
P00689,Tech,C
P00690,Furniture,C
P00691,Furniture,C
P00692,Tech,A
P00693,Furniture,B
P00694,Furniture,A
P00695,Tech,A
P00696,Office Supplies,C
P00697,Furniture,B
P00698,Furniture,B
P00699,Tech,C
P00700,Office Supplies,A
P00701,Office Supplies,A
P00702,Tech,C
P00703,Office Supplies,B
P00704,Office Supplies,B
P00705,Furniture,A
P00706,Office Supplies,B
P00707,Office Supplies,C
P00708,Office Supplies,C
P00709,Tech,A
P00710,Tech,A
P00711,Tech,C
P00712,Furniture,A
P00713,Office Supplies,C
P00714,Furniture,C
P00715,Office Supplies,C
P00716,Office Supplies,C
P00717,Office Supplies,A
P00718,Office Supplies,B
P00719,Tech,C
P00720,Tech,B
P00721,Tech,C
P00722,Office Supplies,A
P00723,Furniture,B
P00724,Tech,B
P00725,Tech,C
P00726,Tech,A
P00727,Office Supplies,C
P00728,Office Supplies,B
P00729,Furniture,B
P00730,Furniture,A
P00731,Tech,B
P00732,Office Supplies,C
P00733,Tech,C
P00734,Office Supplies,A
P00735,Furniture,B
P00736,Furniture,C
P00737,Tech,B
P00738,Furniture,B
P00739,Furniture,C
P00740,Furniture,A
P00741,Furniture,B
P00742,Office Supplies,C
P00743,Tech,C
P00744,Furniture,C
P00745,Tech,A
P00746,Office Supplies,A
P00747,Tech,B
P00748,Tech,B
P00749,Tech,B
P00750,Furniture,A
P00751,Tech,C
P00752,Office Supplies,B
P00753,Furniture,C
P00754,Furniture,C
P00755,Tech,A
P00756,Office Supplies,A
P00757,Office Supplies,A
P00758,Furniture,A
P00759,Office Supplies,C
P00760,Tech,C
P00761,Furniture,C
P00762,Office Supplies,A
P00763,Furniture,A
P00764,Tech,A
P00765,Tech,B
P00766,Tech,A
P00767,Office Supplies,B
P00768,Tech,A
P00769,Office Supplies,B
P00770,Furniture,A
P00771,Office Supplies,C
P00772,Furniture,C
P00773,Office Supplies,B
P00774,Tech,A
P00775,Office Supplies,A
P00776,Office Supplies,B
P00777,Office Supplies,A
P00778,Furniture,C
P00779,Furniture,B
P00780,Office Supplies,A
P00781,Tech,A
P00782,Tech,B
P00783,Furniture,B
P00784,Office Supplies,C
P00785,Tech,B
P00786,Furniture,A
P00787,Furniture,A
P00788,Office Supplies,B
P00789,Office Supplies,B
P00790,Tech,A
P00791,Furniture,B
P00792,Office Supplies,B
P00793,Tech,B
P00794,Office Supplies,B
P00795,Office Supplies,B
P00796,Tech,B
P00797,Furniture,B
P00798,Office Supplies,C
P00799,Office Supplies,C
P00800,Tech,C
P00801,Furniture,B
P00802,Office Supplies,B
P00803,Tech,C
P00804,Furniture,B
P00805,Office Supplies,A
P00806,Tech,C
P00807,Furniture,A
P00808,Office Supplies,C
P00809,Office Supplies,A
P00810,Furniture,A
P00811,Office Supplies,B
P00812,Tech,C
P00813,Furniture,B
P00814,Tech,C
P00815,Office Supplies,B
P00816,Furniture,A
P00817,Furniture,B
P00818,Office Supplies,A
P00819,Furniture,A
P00820,Furniture,A
P00821,Office Supplies,C
P00822,Furniture,C
P00823,Furniture,A
P00824,Office Supplies,C
P00825,Office Supplies,B
P00826,Furniture,C
P00827,Tech,A
P00828,Office Supplies,A
P00829,Tech,C
P00830,Furniture,A
P00831,Furniture,A
P00832,Tech,C
P00833,Tech,C
P00834,Furniture,C
P00835,Office Supplies,C
P00836,Furniture,C
P00837,Furniture,C
P00838,Furniture,C
P00839,Office Supplies,C
P00840,Tech,A
P00841,Tech,B
P00842,Tech,C
P00843,Tech,A
P00844,Tech,C
P00845,Office Supplies,B
P00846,Furniture,C
P00847,Tech,B
P00848,Tech,C
P00849,Furniture,B
P00850,Office Supplies,B
P00851,Tech,B
P00852,Furniture,A
P00853,Office Supplies,B
P00854,Office Supplies,B
P00855,Furniture,A
P00856,Office Supplies,C
P00857,Office Supplies,B
P00858,Furniture,A
P00859,Tech,A
P00860,Tech,A
P00861,Furniture,A
P00862,Office Supplies,A
P00863,Office Supplies,A
P00864,Office Supplies,B
P00865,Furniture,A
P00866,Tech,A
P00867,Office Supplies,B
P00868,Office Supplies,A
P00869,Tech,B
P00870,Furniture,A
P00871,Furniture,B
P00872,Tech,A
P00873,Office Supplies,C
P00874,Furniture,B
P00875,Tech,C
P00876,Furniture,C
P00877,Office Supplies,A
P00878,Office Supplies,A
P00879,Tech,A
P00880,Tech,A
P00881,Office Supplies,A
P00882,Tech,B
P00883,Furniture,C
P00884,Furniture,C
P00885,Office Supplies,C
P00886,Tech,B
P00887,Furniture,B
P00888,Office Supplies,C
P00889,Furniture,C
P00890,Furniture,B
P00891,Tech,C
P00892,Furniture,B
P00893,Tech,B
P00894,Tech,B
P00895,Tech,B
P00896,Office Supplies,B
P00897,Office Supplies,C
P00898,Office Supplies,A
P00899,Office Supplies,B
P00900,Tech,B
P00901,Tech,C
P00902,Tech,C
P00903,Office Supplies,B
P00904,Tech,C
P00905,Furniture,A
P00906,Furniture,C
P00907,Tech,A
P00908,Office Supplies,B
P00909,Office Supplies,B
P00910,Office Supplies,C
P00911,Tech,C
P00912,Tech,C
P00913,Furniture,C
P00914,Office Supplies,C
P00915,Office Supplies,A
P00916,Furniture,B
P00917,Tech,B
P00918,Furniture,C
P00919,Furniture,C
P00920,Office Supplies,C
P00921,Tech,C
P00922,Tech,B
P00923,Office Supplies,A
P00924,Furniture,B
P00925,Tech,B
P00926,Tech,B
P00927,Office Supplies,A
P00928,Office Supplies,B
P00929,Tech,C
P00930,Furniture,C
P00931,Furniture,B
P00932,Office Supplies,A
P00933,Furniture,B
P00934,Tech,A
P00935,Furniture,B
P00936,Office Supplies,B
P00937,Furniture,A
P00938,Tech,A
P00939,Tech,A
P00940,Office Supplies,C
P00941,Furniture,A
P00942,Office Supplies,A
P00943,Office Supplies,A
P00944,Tech,B
P00945,Furniture,C
P00946,Tech,C
P00947,Office Supplies,C
P00948,Office Supplies,C
P00949,Office Supplies,C
P00950,Tech,A
P00951,Furniture,B
P00952,Furniture,B
P00953,Furniture,C
P00954,Tech,B
P00955,Furniture,C
P00956,Furniture,A
P00957,Tech,B
P00958,Furniture,B
P00959,Office Supplies,A
P00960,Furniture,C
P00961,Office Supplies,C
P00962,Office Supplies,A
P00963,Tech,A
P00964,Furniture,A
P00965,Office Supplies,B
P00966,Office Supplies,C
P00967,Furniture,C
P00968,Tech,C
P00969,Furniture,A
P00970,Tech,A
P00971,Furniture,C
P00972,Furniture,B
P00973,Office Supplies,C
P00974,Office Supplies,A
P00975,Office Supplies,A
P00976,Tech,A
P00977,Office Supplies,A
P00978,Tech,A
P00979,Office Supplies,C
P00980,Office Supplies,B
P00981,Furniture,C
P00982,Furniture,A
P00983,Tech,B
P00984,Office Supplies,B
P00985,Furniture,B
P00986,Tech,A
P00987,Office Supplies,B
P00988,Furniture,A
P00989,Furniture,B
P00990,Furniture,B
P00991,Furniture,A
P00992,Tech,B
P00993,Tech,C
P00994,Furniture,C
P00995,Office Supplies,A
P00996,Office Supplies,C
P00997,Tech,A
P00998,Tech,B
P00999,Office Supplies,C
P01000,Furniture,C
P01001,Furniture,A
P01002,Furniture,C
P01003,Tech,C
P01004,Tech,A
P01005,Furniture,C
P01006,Office Supplies,B
P01007,Office Supplies,A
P01008,Tech,A
P01009,Office Supplies,C
P01010,Tech,B
P01011,Furniture,C
P01012,Tech,B
P01013,Furniture,B
P01014,Tech,B
P01015,Tech,C
P01016,Office Supplies,B
P01017,Furniture,C
P01018,Office Supplies,A
P01019,Tech,A
P01020,Furniture,C
P01021,Office Supplies,A
P01022,Furniture,C
P01023,Tech,A
P01024,Tech,C
P01025,Furniture,A
P01026,Furniture,A
P01027,Office Supplies,B
P01028,Tech,A
P01029,Furniture,A
P01030,Furniture,C
P01031,Furniture,B
P01032,Office Supplies,C
P01033,Furniture,C
P01034,Office Supplies,C
P01035,Tech,B
P01036,Office Supplies,C
P01037,Tech,B
P01038,Office Supplies,B
P01039,Office Supplies,A
P01040,Tech,A
P01041,Furniture,C
P01042,Office Supplies,B
P01043,Tech,A
P01044,Office Supplies,A
P01045,Tech,B
P01046,Furniture,C
P01047,Tech,A
P01048,Tech,B
P01049,Tech,B
P01050,Furniture,B
P01051,Tech,B
P01052,Furniture,A
P01053,Tech,A
P01054,Office Supplies,C
P01055,Tech,B
P01056,Tech,C
P01057,Furniture,C
P01058,Tech,C
P01059,Office Supplies,B
P01060,Office Supplies,C
P01061,Furniture,B
P01062,Furniture,C
P01063,Furniture,B
P01064,Office Supplies,B
P01065,Tech,B
P01066,Office Supplies,B
P01067,Tech,C
P01068,Tech,B
P01069,Furniture,B
P01070,Furniture,B
P01071,Tech,A
P01072,Tech,A
P01073,Tech,B
P01074,Furniture,C
P01075,Tech,C
P01076,Furniture,A
P01077,Office Supplies,A
P01078,Furniture,B
P01079,Office Supplies,B
P01080,Furniture,B
P01081,Furniture,C
P01082,Tech,C
P01083,Office Supplies,C
P01084,Furniture,B
P01085,Tech,A
P01086,Furniture,B
P01087,Furniture,B
P01088,Tech,C
P01089,Tech,B
P01090,Furniture,A
P01091,Furniture,B
P01092,Furniture,B
P01093,Office Supplies,A
P01094,Office Supplies,B
P01095,Furniture,C
P01096,Office Supplies,C
P01097,Tech,A
P01098,Office Supplies,A
P01099,Furniture,C
P01100,Furniture,B
P01101,Office Supplies,A
P01102,Office Supplies,A
P01103,Tech,C
P01104,Tech,A
P01105,Tech,A
P01106,Tech,A
P01107,Office Supplies,C
P01108,Furniture,A
P01109,Furniture,C
P01110,Office Supplies,B
P01111,Office Supplies,C
P01112,Office Supplies,A
P01113,Furniture,A
P01114,Tech,C
P01115,Furniture,B
P01116,Office Supplies,B
P01117,Furniture,A
P01118,Furniture,C
P01119,Office Supplies,B
P01120,Furniture,B
P01121,Furniture,B
P01122,Furniture,B
P01123,Office Supplies,A
P01124,Tech,C
P01125,Tech,C
P01126,Tech,C
P01127,Furniture,B
P01128,Tech,C
P01129,Furniture,B
P01130,Office Supplies,A
P01131,Furniture,A
P01132,Office Supplies,A
P01133,Office Supplies,A
P01134,Office Supplies,C
P01135,Furniture,C
P01136,Tech,C
P01137,Office Supplies,C
P01138,Tech,A
P01139,Office Supplies,A
P01140,Office Supplies,C
P01141,Tech,B
P01142,Furniture,A
P01143,Furniture,C
P01144,Office Supplies,A
P01145,Office Supplies,A
P01146,Tech,B
P01147,Furniture,C
P01148,Tech,B
P01149,Furniture,A
P01150,Office Supplies,B
P01151,Furniture,B
P01152,Furniture,A
P01153,Office Supplies,B
P01154,Furniture,C
P01155,Office Supplies,A
P01156,Furniture,A
P01157,Office Supplies,C
P01158,Office Supplies,A
P01159,Tech,A
P01160,Tech,C
P01161,Furniture,C
P01162,Office Supplies,C
P01163,Tech,A
P01164,Tech,A
P01165,Tech,B
P01166,Tech,A
P01167,Office Supplies,A
P01168,Office Supplies,C
P01169,Office Supplies,B
P01170,Office Supplies,C
P01171,Furniture,C
P01172,Office Supplies,A
P01173,Office Supplies,C
P01174,Tech,A
P01175,Office Supplies,C
P01176,Furniture,B
P01177,Tech,C
P01178,Office Supplies,C
P01179,Furniture,C
P01180,Office Supplies,B
P01181,Furniture,C
P01182,Office Supplies,A
P01183,Furniture,B
P01184,Furniture,B
P01185,Tech,C
P01186,Tech,A
P01187,Tech,B
P01188,Furniture,C
P01189,Tech,C
P01190,Office Supplies,B
P01191,Office Supplies,C
P01192,Office Supplies,B
P01193,Furniture,A
P01194,Office Supplies,A
P01195,Tech,C
P01196,Office Supplies,C
P01197,Tech,C
P01198,Furniture,B
P01199,Office Supplies,B
P01200,Tech,C
P01201,Furniture,C
P01202,Tech,B
P01203,Tech,C
P01204,Tech,B
P01205,Furniture,B
P01206,Tech,A
P01207,Tech,A
P01208,Office Supplies,B
P01209,Furniture,A
P01210,Furniture,C
P01211,Tech,B
P01212,Tech,A
P01213,Office Supplies,B
P01214,Office Supplies,B
P01215,Furniture,A
P01216,Furniture,C
P01217,Tech,B
P01218,Office Supplies,C
P01219,Office Supplies,A
P01220,Office Supplies,A
P01221,Office Supplies,B
P01222,Office Supplies,A
P01223,Tech,B
P01224,Furniture,C
P01225,Furniture,C
P01226,Office Supplies,A
P01227,Office Supplies,C
P01228,Tech,C
P01229,Office Supplies,B
P01230,Office Supplies,B
P01231,Tech,B
P01232,Tech,C
P01233,Office Supplies,B
P01234,Tech,C
P01235,Office Supplies,C
P01236,Furniture,C
P01237,Tech,B
P01238,Tech,B
P01239,Furniture,C
P01240,Tech,C
P01241,Tech,C
P01242,Furniture,A
P01243,Office Supplies,C
P01244,Furniture,C
P01245,Furniture,C
P01246,Furniture,B
P01247,Tech,A
P01248,Office Supplies,C
P01249,Tech,A
P01250,Office Supplies,A
P01251,Office Supplies,C
P01252,Office Supplies,A
P01253,Office Supplies,C
P01254,Tech,B
P01255,Tech,C
P01256,Furniture,A
P01257,Tech,B
P01258,Office Supplies,C
P01259,Tech,C
P01260,Office Supplies,C
P01261,Tech,A
P01262,Furniture,A
P01263,Tech,C
P01264,Furniture,B
P01265,Office Supplies,A
P01266,Tech,C
P01267,Office Supplies,C
P01268,Office Supplies,C
P01269,Office Supplies,C
P01270,Tech,C
P01271,Office Supplies,B
P01272,Furniture,A
P01273,Furniture,A
P01274,Office Supplies,C
P01275,Furniture,B
P01276,Furniture,A
P01277,Furniture,B
P01278,Furniture,B
P01279,Furniture,A
P01280,Furniture,B
P01281,Furniture,B
P01282,Furniture,B
P01283,Furniture,C
P01284,Furniture,B
P01285,Office Supplies,B
P01286,Furniture,A
P01287,Office Supplies,B
P01288,Office Supplies,A
P01289,Office Supplies,B
P01290,Tech,A
P01291,Tech,C
P01292,Office Supplies,B
P01293,Furniture,C
P01294,Office Supplies,A
P01295,Furniture,A
P01296,Furniture,C
P01297,Office Supplies,C
P01298,Tech,A
P01299,Office Supplies,B
P01300,Furniture,B
P01301,Furniture,B
P01302,Tech,C
P01303,Furniture,C
P01304,Tech,A
P01305,Office Supplies,C
P01306,Tech,A
P01307,Furniture,A
P01308,Furniture,A
P01309,Tech,A
P01310,Office Supplies,B
P01311,Tech,B
P01312,Furniture,A
P01313,Furniture,B
P01314,Office Supplies,B
P01315,Furniture,A
P01316,Office Supplies,C
P01317,Furniture,A
P01318,Furniture,C
P01319,Furniture,B
P01320,Tech,C
P01321,Furniture,C
P01322,Tech,A
P01323,Office Supplies,B
P01324,Tech,A
P01325,Tech,C
P01326,Tech,C
P01327,Furniture,B
P01328,Office Supplies,A
P01329,Furniture,C
P01330,Tech,A
P01331,Furniture,C
P01332,Tech,B
P01333,Tech,C
P01334,Tech,C
P01335,Tech,C
P01336,Furniture,B
P01337,Office Supplies,B
P01338,Tech,C
P01339,Tech,C
P01340,Office Supplies,C
P01341,Office Supplies,B
P01342,Furniture,A
P01343,Furniture,C
P01344,Tech,B
P01345,Office Supplies,B
P01346,Furniture,B
P01347,Tech,A
P01348,Tech,C
P01349,Tech,B
P01350,Tech,C
P01351,Furniture,B
P01352,Office Supplies,B
P01353,Office Supplies,C
P01354,Tech,C
P01355,Tech,B
P01356,Office Supplies,C
P01357,Tech,A
P01358,Office Supplies,C
P01359,Furniture,B
P01360,Tech,C
P01361,Furniture,C
P01362,Furniture,B
P01363,Furniture,B
P01364,Tech,C
P01365,Tech,A
P01366,Furniture,B
P01367,Office Supplies,C
P01368,Furniture,B
P01369,Office Supplies,B
P01370,Furniture,C
P01371,Furniture,C
P01372,Tech,B
P01373,Furniture,C
P01374,Office Supplies,C
P01375,Office Supplies,B
P01376,Tech,B
P01377,Office Supplies,B
P01378,Office Supplies,B
P01379,Tech,C
P01380,Office Supplies,A
P01381,Furniture,C
P01382,Furniture,A
P01383,Tech,C
P01384,Furniture,A
P01385,Furniture,B
P01386,Furniture,A
P01387,Office Supplies,C
P01388,Furniture,B
P01389,Tech,A
P01390,Office Supplies,B
P01391,Furniture,B
P01392,Tech,A
P01393,Tech,B
P01394,Office Supplies,A
P01395,Tech,B
P01396,Furniture,A
P01397,Office Supplies,C
P01398,Office Supplies,B
P01399,Office Supplies,B
P01400,Furniture,B
P01401,Furniture,A
P01402,Furniture,C
P01403,Furniture,C
P01404,Furniture,A
P01405,Furniture,B
P01406,Office Supplies,C
P01407,Tech,C
P01408,Tech,A
P01409,Furniture,B
P01410,Furniture,A
P01411,Office Supplies,A
P01412,Furniture,A
P01413,Tech,B
P01414,Furniture,C
P01415,Furniture,B
P01416,Furniture,B
P01417,Furniture,C
P01418,Office Supplies,B
P01419,Office Supplies,C
P01420,Tech,C
P01421,Furniture,B
P01422,Tech,B
P01423,Furniture,A
P01424,Office Supplies,C
P01425,Furniture,B
P01426,Tech,A
P01427,Tech,B
P01428,Office Supplies,C
P01429,Furniture,A
P01430,Office Supplies,C
P01431,Furniture,C
P01432,Tech,C
P01433,Office Supplies,C
P01434,Furniture,C
P01435,Furniture,A
P01436,Tech,B
P01437,Tech,A
P01438,Office Supplies,A
P01439,Tech,A
P01440,Tech,A
P01441,Tech,A
P01442,Office Supplies,C
P01443,Furniture,B
P01444,Office Supplies,A
P01445,Office Supplies,A
P01446,Tech,B
P01447,Office Supplies,A
P01448,Office Supplies,B
P01449,Office Supplies,C
P01450,Furniture,B
P01451,Furniture,A
P01452,Office Supplies,A
P01453,Tech,C
P01454,Tech,B
P01455,Office Supplies,C
P01456,Office Supplies,B
P01457,Furniture,C
P01458,Furniture,C
P01459,Tech,B
P01460,Tech,C
P01461,Tech,B
P01462,Tech,A
P01463,Tech,C
P01464,Office Supplies,B
P01465,Furniture,B
P01466,Tech,A
P01467,Furniture,A
P01468,Tech,B
P01469,Furniture,A
P01470,Furniture,A
P01471,Tech,C
P01472,Tech,A
P01473,Furniture,B
P01474,Tech,A
P01475,Furniture,B
P01476,Office Supplies,A
P01477,Tech,B
P01478,Furniture,C
P01479,Tech,B
P01480,Office Supplies,C
P01481,Tech,A
P01482,Tech,B
P01483,Tech,A
P01484,Tech,B
P01485,Tech,A
P01486,Office Supplies,A
P01487,Office Supplies,C
P01488,Tech,B
P01489,Tech,B
P01490,Tech,A
P01491,Furniture,A
P01492,Office Supplies,A
P01493,Furniture,B
P01494,Office Supplies,C
P01495,Furniture,B
P01496,Office Supplies,C
P01497,Tech,B
P01498,Tech,B
P01499,Office Supplies,B
P01500,Furniture,A
P01501,Tech,B
P01502,Tech,B
P01503,Furniture,C
P01504,Office Supplies,A
P01505,Tech,C
P01506,Office Supplies,C
P01507,Office Supplies,A
P01508,Tech,B
P01509,Office Supplies,B
P01510,Furniture,A
P01511,Tech,A
P01512,Office Supplies,B
P01513,Tech,C
P01514,Office Supplies,B
P01515,Office Supplies,A
P01516,Tech,C
P01517,Tech,B
P01518,Furniture,B
P01519,Tech,A
P01520,Tech,B
P01521,Office Supplies,B
P01522,Office Supplies,A
P01523,Furniture,A
P01524,Office Supplies,A
P01525,Office Supplies,B
P01526,Office Supplies,A
P01527,Tech,C
P01528,Office Supplies,A
P01529,Office Supplies,B
P01530,Furniture,A
P01531,Furniture,B
P01532,Furniture,B
P01533,Tech,B
P01534,Furniture,B
P01535,Office Supplies,A
P01536,Tech,A
P01537,Office Supplies,A
P01538,Tech,C
P01539,Furniture,C
P01540,Tech,C
P01541,Furniture,B
P01542,Furniture,B
P01543,Office Supplies,A
P01544,Office Supplies,C
P01545,Office Supplies,C
P01546,Office Supplies,B
P01547,Office Supplies,B
P01548,Furniture,C
P01549,Office Supplies,A
P01550,Office Supplies,A
P01551,Furniture,B
P01552,Furniture,C
P01553,Tech,B
P01554,Tech,B
P01555,Office Supplies,B
P01556,Office Supplies,C
P01557,Office Supplies,B
P01558,Furniture,C
P01559,Office Supplies,B
P01560,Tech,A
P01561,Office Supplies,A
P01562,Furniture,B
P01563,Furniture,C
P01564,Office Supplies,C
P01565,Furniture,A
P01566,Furniture,B
P01567,Tech,C
P01568,Office Supplies,C
P01569,Office Supplies,B
P01570,Office Supplies,A
P01571,Furniture,A
P01572,Tech,C
P01573,Office Supplies,A
P01574,Office Supplies,A
P01575,Furniture,B
P01576,Office Supplies,B
P01577,Furniture,B
P01578,Furniture,B
P01579,Office Supplies,B
P01580,Furniture,A
P01581,Furniture,B
P01582,Office Supplies,A
P01583,Office Supplies,B
P01584,Tech,A
P01585,Tech,B
P01586,Furniture,A
P01587,Office Supplies,A
P01588,Furniture,A
P01589,Tech,A
P01590,Tech,C
P01591,Office Supplies,B
P01592,Tech,A
P01593,Furniture,C
P01594,Office Supplies,B
P01595,Office Supplies,A
P01596,Tech,C
P01597,Office Supplies,B
P01598,Tech,B
P01599,Office Supplies,A
P01600,Office Supplies,C
P01601,Office Supplies,A
P01602,Furniture,A
P01603,Furniture,B
P01604,Tech,A
P01605,Furniture,C
P01606,Tech,A
P01607,Furniture,B
P01608,Office Supplies,A
P01609,Furniture,B
P01610,Tech,C
P01611,Office Supplies,C
P01612,Office Supplies,B
P01613,Tech,B
P01614,Tech,C
P01615,Office Supplies,B
P01616,Furniture,C
P01617,Office Supplies,A
P01618,Tech,B
P01619,Furniture,A
P01620,Furniture,C
P01621,Furniture,C
P01622,Office Supplies,A
P01623,Tech,A
P01624,Tech,C
P01625,Furniture,A
P01626,Tech,A
P01627,Furniture,B
P01628,Furniture,C
P01629,Tech,A
P01630,Office Supplies,C
P01631,Office Supplies,B
P01632,Tech,B
P01633,Furniture,A
P01634,Tech,C
P01635,Office Supplies,A
P01636,Tech,B
P01637,Office Supplies,A
P01638,Tech,A
P01639,Office Supplies,B
P01640,Tech,C
P01641,Tech,C
P01642,Office Supplies,A
P01643,Office Supplies,B
P01644,Tech,A
P01645,Furniture,B
P01646,Furniture,B
P01647,Office Supplies,B
P01648,Office Supplies,B
P01649,Furniture,B
P01650,Furniture,B
P01651,Furniture,A
P01652,Tech,B
P01653,Tech,C
P01654,Office Supplies,B
P01655,Tech,C
P01656,Tech,B
P01657,Office Supplies,B
P01658,Tech,A
P01659,Tech,A
P01660,Furniture,C
P01661,Office Supplies,A
P01662,Tech,C
P01663,Furniture,B
P01664,Office Supplies,C
P01665,Office Supplies,A
P01666,Office Supplies,C
P01667,Tech,A
P01668,Furniture,C
P01669,Office Supplies,B
P01670,Tech,C
P01671,Office Supplies,C
P01672,Furniture,A
P01673,Office Supplies,B
P01674,Tech,C
P01675,Furniture,C
P01676,Tech,B
P01677,Tech,A
P01678,Office Supplies,C
P01679,Office Supplies,C
P01680,Office Supplies,A
P01681,Tech,C
P01682,Furniture,A
P01683,Tech,A
P01684,Office Supplies,B
P01685,Tech,B
P01686,Furniture,C
P01687,Furniture,A
P01688,Office Supplies,A
P01689,Office Supplies,C
P01690,Office Supplies,B
P01691,Office Supplies,C
P01692,Office Supplies,A
P01693,Furniture,A
P01694,Furniture,A
P01695,Furniture,C
P01696,Furniture,C
P01697,Office Supplies,C
P01698,Tech,B
P01699,Tech,B
P01700,Tech,A
P01701,Furniture,C
P01702,Tech,A
P01703,Furniture,C
P01704,Office Supplies,B
P01705,Furniture,C
P01706,Furniture,C
P01707,Office Supplies,B
P01708,Tech,C
P01709,Tech,B
P01710,Office Supplies,C
P01711,Tech,C
P01712,Furniture,C
P01713,Office Supplies,C
P01714,Furniture,C
P01715,Tech,A
P01716,Furniture,C
P01717,Furniture,B
P01718,Furniture,C
P01719,Tech,C
P01720,Furniture,C
P01721,Tech,B
P01722,Furniture,C
P01723,Furniture,A
P01724,Tech,A
P01725,Furniture,C
P01726,Tech,B
P01727,Furniture,A
P01728,Office Supplies,C
P01729,Tech,B
P01730,Office Supplies,C
P01731,Tech,A
P01732,Furniture,B
P01733,Furniture,C
P01734,Tech,C
P01735,Tech,C
P01736,Office Supplies,B
P01737,Furniture,A
P01738,Office Supplies,A
P01739,Tech,C
P01740,Furniture,C
P01741,Office Supplies,A
P01742,Furniture,C
P01743,Office Supplies,B
P01744,Tech,B
P01745,Office Supplies,A
P01746,Furniture,A
P01747,Office Supplies,A
P01748,Tech,C
P01749,Tech,A
P01750,Tech,B
P01751,Tech,B
P01752,Furniture,B
P01753,Office Supplies,C
P01754,Furniture,A
P01755,Furniture,C
P01756,Furniture,A
P01757,Furniture,C
P01758,Office Supplies,A
P01759,Tech,B
P01760,Tech,C
P01761,Office Supplies,B
P01762,Tech,B
P01763,Tech,A
P01764,Tech,B
P01765,Office Supplies,B
P01766,Furniture,C
P01767,Furniture,C
P01768,Furniture,C
P01769,Furniture,C
P01770,Office Supplies,A
P01771,Tech,B
P01772,Tech,C
P01773,Furniture,A
P01774,Furniture,B
P01775,Tech,C
P01776,Furniture,A
P01777,Tech,B
P01778,Office Supplies,B
P01779,Tech,C
P01780,Furniture,C
P01781,Office Supplies,A
P01782,Furniture,C
P01783,Furniture,C
P01784,Tech,A
P01785,Tech,B
P01786,Furniture,B
P01787,Tech,A
P01788,Office Supplies,B
P01789,Furniture,B
P01790,Tech,A
P01791,Tech,C
P01792,Furniture,C
P01793,Tech,B
P01794,Tech,A
P01795,Office Supplies,B
P01796,Office Supplies,A
P01797,Furniture,C
P01798,Furniture,C
P01799,Office Supplies,B
P01800,Furniture,C
P01801,Furniture,C
P01802,Tech,A
P01803,Tech,B
P01804,Office Supplies,A
P01805,Office Supplies,C
P01806,Office Supplies,B
P01807,Office Supplies,B
P01808,Tech,C
P01809,Furniture,B
P01810,Office Supplies,C
P01811,Furniture,A
P01812,Tech,A
P01813,Tech,A
P01814,Furniture,C
P01815,Tech,B
P01816,Furniture,B
P01817,Furniture,C
P01818,Tech,B
P01819,Tech,C
P01820,Tech,B
P01821,Tech,B
P01822,Tech,A
P01823,Office Supplies,A
P01824,Furniture,B
P01825,Office Supplies,B
P01826,Furniture,A
P01827,Tech,B
P01828,Tech,B
P01829,Office Supplies,A
P01830,Office Supplies,A
P01831,Office Supplies,C
P01832,Tech,C
P01833,Office Supplies,A
P01834,Tech,C
P01835,Tech,A
P01836,Furniture,A
P01837,Office Supplies,C
P01838,Furniture,B
P01839,Tech,A
P01840,Furniture,B
P01841,Office Supplies,A
P01842,Furniture,B
P01843,Tech,C
P01844,Tech,B
P01845,Furniture,B
P01846,Office Supplies,A
P01847,Office Supplies,C
P01848,Office Supplies,A
P01849,Tech,A
P01850,Furniture,B
P01851,Furniture,B
P01852,Tech,B
P01853,Furniture,B
P01854,Furniture,C
P01855,Tech,A
P01856,Office Supplies,C
P01857,Office Supplies,B
P01858,Office Supplies,C
P01859,Tech,A
P01860,Tech,B
P01861,Office Supplies,C
P01862,Office Supplies,C
P01863,Tech,B
P01864,Tech,A
P01865,Furniture,A
P01866,Office Supplies,B
P01867,Tech,B
P01868,Tech,A
P01869,Tech,A
P01870,Tech,B
P01871,Furniture,C
P01872,Tech,B
P01873,Office Supplies,C
P01874,Furniture,B
P01875,Tech,B
P01876,Office Supplies,A
P01877,Furniture,B
P01878,Office Supplies,C
P01879,Furniture,C
P01880,Tech,B
P01881,Office Supplies,C
P01882,Tech,B
P01883,Office Supplies,C
P01884,Tech,A
P01885,Tech,A
P01886,Office Supplies,A
P01887,Tech,C
P01888,Office Supplies,B
P01889,Tech,C
P01890,Furniture,C
P01891,Tech,C
P01892,Office Supplies,A
P01893,Tech,A
P01894,Furniture,A
P01895,Tech,B
P01896,Office Supplies,C
P01897,Office Supplies,C
P01898,Tech,A
P01899,Furniture,B
P01900,Office Supplies,C
P01901,Tech,A
P01902,Tech,C
P01903,Furniture,C
P01904,Office Supplies,C
P01905,Office Supplies,B
P01906,Tech,A
P01907,Furniture,C
P01908,Office Supplies,A
P01909,Furniture,A
P01910,Furniture,A
P01911,Tech,B
P01912,Office Supplies,C
P01913,Office Supplies,A
P01914,Furniture,C
P01915,Furniture,A
P01916,Furniture,A
P01917,Office Supplies,B
P01918,Tech,C
P01919,Office Supplies,B
P01920,Furniture,B
P01921,Office Supplies,C
P01922,Office Supplies,C
P01923,Furniture,A
P01924,Office Supplies,C
P01925,Tech,C
P01926,Furniture,C
P01927,Tech,C
P01928,Tech,C
P01929,Tech,B
P01930,Furniture,B
P01931,Furniture,B
P01932,Furniture,B
P01933,Office Supplies,B
P01934,Furniture,A
P01935,Furniture,C
P01936,Tech,A
P01937,Office Supplies,C
P01938,Tech,C
P01939,Office Supplies,B
P01940,Tech,A
P01941,Tech,B
P01942,Office Supplies,B
P01943,Furniture,A
P01944,Office Supplies,B
P01945,Tech,A
P01946,Office Supplies,A
P01947,Office Supplies,A
P01948,Office Supplies,A
P01949,Office Supplies,A
P01950,Furniture,A
P01951,Office Supplies,C
P01952,Office Supplies,B
P01953,Office Supplies,C
P01954,Furniture,B
P01955,Furniture,A
P01956,Tech,B
P01957,Office Supplies,C
P01958,Tech,B
P01959,Tech,B
P01960,Office Supplies,C
P01961,Furniture,C
P01962,Office Supplies,A
P01963,Office Supplies,B
P01964,Tech,C
P01965,Tech,C
P01966,Tech,B
P01967,Tech,A
P01968,Furniture,C
P01969,Furniture,C
P01970,Office Supplies,B
P01971,Office Supplies,A
P01972,Furniture,A
P01973,Office Supplies,C
P01974,Tech,B
P01975,Office Supplies,A
P01976,Furniture,A
P01977,Tech,C
P01978,Furniture,B
P01979,Office Supplies,A
P01980,Furniture,A
P01981,Tech,C
P01982,Office Supplies,C
P01983,Furniture,A
P01984,Office Supplies,C
P01985,Office Supplies,C
P01986,Tech,C
P01987,Furniture,B
P01988,Furniture,C
P01989,Tech,A
P01990,Tech,C
P01991,Office Supplies,B
P01992,Office Supplies,C
P01993,Tech,C
P01994,Office Supplies,A
P01995,Furniture,A
P01996,Furniture,C
P01997,Tech,B
P01998,Office Supplies,A
P01999,Furniture,B
